matches,qName,tName,tStart,tEnd,qStarts,tStarts
83,14,chrX,73851508,73851591,0,73851508
26,14,chr4,63191629,63191656,"54,58,77","63191629,63191634,63191652"
83,19,chrX,73851093,73851176,0,73851093
25,19,chr2_KN538363v1_fix,247907,247952,"52,60","247907,247935"
83,2,chrX,73852504,73852587,0,73852504
35,2,chr7,143220784,143220848,"27,48,59","143220784,143220826,143220841"
21,2,chr4,79092485,79092506,42,79092485
20,2,chr16_KI270853v1_alt,1138043,1138063,56,1138043
20,2,chr1,14195130,14195150,11,14195130
83,24,chrX,73850678,73850761,0,73850678
60,24,chr6_MU273357v1_alt,64133,64216,"12,20,55,63","64133,64148,64184,64203"
60,24,chr6,26517953,26518036,"12,20,55,63","26517953,26517968,26518004,26518023"
58,24,chr16,3235835,3235935,"0,14,23,32,41","3235835,3235857,3235885,3235904,3235915"
46,24,chr21,38905674,38905737,"5,9,19,33,51","38905674,38905679,38905692,38905708,38905725"
43,24,chr1,228095278,228417084,"40,55,59,76","228095278,228416949,228416954,228417077"
45,24,chrUn_KI270743v1,126802,126869,"0,8,22,34,41","126802,126822,126832,126846,126855"
41,24,chr10,120453194,120520907,"20,56,61","120453194,120520881,120520889"
38,24,chr10,102425423,102425469,"21,29,42","102425423,102425434,102425450"
35,24,chr2,48529640,48529681,"39,72","48529640,48529674"
37,24,chr1,201216348,201216392,"44,50,58,63","201216348,201216355,201216365,201216373"
34,24,chr13,30714578,30714614,"36,62","30714578,30714605"
34,24,chr1,151728472,151728506,"22,32,40","151728472,151728478,151728485"
34,24,chr6,34197110,34197157,"44,60,73","34197110,34197136,34197151"
33,24,chr1,221191263,221191300,"19,27,44","221191263,221191274,221191290"
31,24,chr8,37755548,37755581,20,37755548
31,24,chr3,60149765,60149800,"42,51","60149765,60149775"
33,24,chr10,69578325,69578366,"24,46,54,59","69578325,69578346,69578356,69578362"
30,24,chr12,97251427,97251457,"23,40","97251427,97251435"
30,24,chr5,59127600,59127631,"22,33,48","59127600,59127612,59127624"
32,24,chr13,43805614,43805653,"44,56,64,72","43805614,43805632,43805639,43805646"
29,24,chr11,68444556,68444586,"14,21","68444556,68444564"
29,24,chr10,87577264,87577293,"29,40","87577264,87577274"
29,24,chr19,17126905,17126935,"7,16","17126905,17126912"
28,24,chr1,164969726,164969755,"33,48","164969726,164969742"
29,24,chr10,28859315,28859347,"28,44","28859315,28859329"
27,24,chr17,71893108,71893136,"40,62","71893108,71893131"
29,24,chr10,87577264,87577298,"44,62,68","87577264,87577283,87577292"
27,24,chr3,60149767,60149796,51,60149767
27,24,chr10,110210022,110210052,"14,22","110210022,110210031"
27,24,chr10,52724360,52724391,"2,16","52724360,52724371"
26,24,chr1,46508809,46508836,21,46508809
26,24,chr1,37653023,37653049,"16,40","37653023,37653042"
26,24,chr1,5580137,5580163,"22,46","5580137,5580158"
27,24,chr7,158671079,158671107,"22,44","158671079,158671092"
26,24,chr22,46357920,46357947,30,46357920
28,24,chr10,70467400,70467431,"33,37,58","70467400,70467405,70467427"
25,24,chr1,97540321,97540346,40,97540321
25,24,chr4,38610887,38610912,"22,48","38610887,38610906"
25,24,chr3,75831898,75831923,"27,44","75831898,75831914"
25,24,chr1,245378324,245378352,"27,32","245378324,245378332"
25,24,chr2,156874811,156874837,"6,16","156874811,156874819"
23,24,chr10,75246282,75246305,22,75246282
23,24,chr1,28250468,28250491,22,28250468
26,24,chr10,99412319,99412351,"42,49","99412319,99412330"
23,24,chr18,45016783,45016813,"28,37","45016783,45016799"
22,24,chr13,43805634,43805656,21,43805634
23,24,chr19,8559330,8559354,"44,62","8559330,8559349"
22,24,chr16,82373859,82373881,49,82373859
24,24,chr12,21674104,21674129,"49,70","21674104,21674123"
23,24,chr11,15114246,15114270,"44,62","15114246,15114265"
21,24,chr20,58523452,58523473,16,58523452
21,24,chr20,57227380,57227401,15,57227380
21,24,chr9,88980076,88980097,46,88980076
21,24,chr10,106045325,106045346,45,106045325
21,24,chr1,181592490,181592511,40,181592490
20,24,chr16,10635171,10635191,22,10635171
20,24,chr1,224375583,224375603,7,224375583
20,24,chr1,174075364,174075384,14,174075364
21,24,chr1,53190405,53190427,18,53190405
21,24,chr10,87638904,87638926,23,87638904
20,24,chr10,79165069,79165089,23,79165069
83,3,chrX,73852421,73852504,0,73852421
31,3,chr3,168305006,168305075,"46,59,77","168305006,168305014,168305069"
25,3,chr5,67475610,67475636,19,67475610
25,3,chr21_MU273391v1_fix,820521,820736,"0,9","820521,820720"
23,3,chr5_MU273355v1_fix,55649,55673,"19,24","55649,55655"
23,3,chr5,140820473,140820497,"19,24","140820473,140820479"
22,3,chr13,27610484,27610507,"53,58","27610484,27610490"
20,3,chr22,26285549,26285569,44,26285549
20,3,chr10,33097426,33097446,40,33097426
21,3,chrX,71403374,71403396,61,71403374
20,3,chr5,178297527,178297547,2,178297527
20,3,chr20,58487395,58487415,43,58487395
83,6,chrX,73852172,73852255,0,73852172
46,6,chr16,57680060,57810098,"32,48,53,76","57680060,57680893,57810070,57810091"
24,6,chr7,132476673,132476701,"28,45","132476673,132476694"
20,6,chr5,160796702,160796722,29,160796702
20,6,chr11_KI270827v1_alt,66538,66558,30,66538
20,6,chr11,69228175,69228195,30,69228175
83,9,chrX,73851923,73852006,0,73851923
27,9,chr18,27841500,27841528,"9,33","27841500,27841522"
21,9,chr2,186306256,186306277,43,186306256
21,9,chr2,34182174,34182196,9,34182174
21,9,chr13,69532400,69532422,9,69532400
20,9,chr4,23596354,23596374,42,23596354
83,26,chrX,73850512,73850595,0,73850512
27,26,chr16,73125174,73125659,"31,47","73125174,73125648"
21,26,chr9,79279002,79279023,39,79279002
21,26,chr16,66717920,66717941,30,66717920
20,26,chr12,89356610,89356630,63,89356610
83,29,chrX,73850263,73850346,0,73850263
25,29,chr8,117710690,117710716,39,117710690
21,29,chr2,112152815,112152836,8,112152815
20,29,chr1,189999865,189999885,15,189999865
83,30,chrX,73850180,73850263,0,73850180
32,30,chrX,23931616,23931941,"39,56","23931616,23931925"
27,30,chr8,121021358,121021386,"47,52,71","121021358,121021364,121021381"
26,30,chr10,102962572,102962599,10,102962572
24,30,chr8,118355686,118355711,"53,58","118355686,118355692"
20,30,chrX,11774098,11774118,41,11774098
20,30,chr9_MU273365v1_fix,292647,292667,56,292647
20,30,chr9,92457918,92457938,56,92457918
83,31,chrX,73850097,73850180,0,73850097
30,31,chr1,110721545,110721611,"6,34","110721545,110721599"
20,31,chr6,135388616,135388636,8,135388616
83,34,chrX,73849848,73849931,0,73849848
45,34,chr20,51491917,51768187,"10,22,40,45","51491917,51491924,51768162,51768170"
35,34,chr9,137381503,137381558,"21,30,38","137381503,137381523,137381538"
37,34,chr12,57091693,57091735,"9,30,54","57091693,57091711,57091729"
28,34,chr12,131664194,131664223,"44,63,67","131664194,131664211,131664216"
28,34,chr10,133189827,133189857,"36,60","133189827,133189852"
27,34,chr7,102255055,102255086,"21,45","102255055,102255077"
27,34,chr8,132552789,132552829,"29,50","132552789,132552822"
26,34,chr16,56972995,56973032,"23,32","56972995,56973015"
26,34,chr17,79733364,79733392,45,79733364
26,34,chr17,67945541,67945571,"44,57","67945541,67945555"
26,34,chr8,2233734,2233761,"10,22","2233734,2233745"
25,34,chr12,49050253,49050279,"18,38","49050253,49050274"
25,34,chr22,46347291,46347319,"8,15","46347291,46347300"
24,34,chr17,79212260,79212284,"10,15","79212260,79212264"
24,34,chr14,95516678,95516702,"17,23","95516678,95516683"
23,34,chr16,2057042,2057066,"11,27","2057042,2057059"
23,34,chr10,128070919,128070943,19,128070919
21,34,chr22,37139076,37139097,46,37139076
20,34,chr1,27107619,27107639,36,27107619
20,34,chr5,135182720,135182740,40,135182720
20,34,chr4,5711141,5711161,23,5711141
20,34,chr2,31708866,31708886,19,31708866
23,34,chr17,45244920,45244946,10,45244920
20,34,chr1,10536334,10536354,10,10536334
83,37,chrX,73849599,73849682,0,73849599
27,37,chr9,103589120,103589149,"43,66","103589120,103589140"
23,37,chr3,32356238,32356261,"20,39","32356238,32356256"
25,37,chr1,212490408,212490437,54,212490408
20,37,chr12,50940814,50940834,17,50940814
20,37,chr4,26990579,26990599,41,26990579
83,44,chrX,73849018,73849101,0,73849018
25,44,chr2,146188694,146188799,"58,75","146188694,146188791"
83,48,chrX,73848686,73848769,0,73848686
28,48,chr4,187155470,187155503,"48,69","187155470,187155496"
20,48,chr7,149989178,149989198,29,149989178
20,48,chr4,91649413,91649433,29,91649413
20,48,chr2,29109393,29109413,28,29109393
20,48,chr19,46587582,46587602,29,46587582
20,48,chr11,31489321,31489341,23,31489321
20,48,chr7,37867488,37867508,34,37867488
21,48,chr10,14647975,14647997,2,14647975
83,56,chrX,73848022,73848105,0,73848022
25,56,chrX,132375876,132375916,"39,47","132375876,132375898"
83,58,chrX,73847856,73847939,0,73847856
25,58,chr6,61844196,61844519,"58,78","61844196,61844514"
21,58,chr11,134690850,134690871,42,134690850
20,58,chr17,77543432,77543452,32,77543432
83,60,chrX,73847690,73847773,0,73847690
26,60,chr1,173671350,173671532,"51,66","173671350,173671521"
22,60,chr2,231039027,231039049,14,231039027
83,61,chrX,73847607,73847690,0,73847607
33,61,chrX,73848364,73848397,23,73848364
28,61,chr8,123043999,123044028,"0,27","123043999,123044021"
26,61,chr6,54837566,54837592,"26,42","54837566,54837575"
83,62,chrX,73847524,73847607,0,73847524
27,62,chr2,146068798,146068931,"0,7","146068798,146068910"
20,62,chr10,115895880,115895900,63,115895880
83,63,chrX,73847441,73847524,0,73847441
73,63,chr3,128552421,128552503,0,128552421
72,63,chr6,119064414,119064636,"1,50","119064414,119064603"
71,63,chr3_KN196475v1_fix,169709,170169,"4,46,56","169709,169885,170142"
71,63,chr3,44644355,44644815,"4,46,56","44644355,44644531,44644788"
64,63,chr20,43503340,43503441,"17,78","43503340,43503436"
65,63,chr15,41192713,41193085,"12,33","41192713,41193038"
68,63,chr16,6835470,6835547,"5,21","6835470,6835485"
63,63,chr10,35433072,35433140,15,35433072
68,63,chr17,58632413,58632491,0,58632413
62,63,chr7,88250360,88250724,"16,56","88250360,88250698"
60,63,chr22,44052664,44052861,"9,43","44052664,44052833"
68,63,chr10,22517270,22517349,4,22517270
62,63,chr1,40321431,40321812,"5,34","40321431,40321775"
67,63,chr16,69949691,69949769,5,69949691
67,63,chr9,34387222,34387300,0,34387222
67,63,chr16,74422888,74422966,0,74422888
67,63,chr9,128081645,128081724,4,128081645
61,63,chr8,29431509,29431952,"16,52","29431509,29431922"
57,63,chr8,8730165,8730659,"0,16,47","8730165,8730484,8730649"
59,63,chr7,69412115,69412330,"16,56,75","69412115,69412304,69412322"
57,63,chr17,81024166,81024679,"13,52","81024166,81024660"
62,63,chr5,24419252,24419780,"0,31,56","24419252,24419602,24419769"
61,63,chr1_MU273335v1_fix,78729,78931,"16,50","78729,78898"
61,63,chr12,50623112,50623303,"16,43","50623112,50623263"
61,63,chr1,156520172,156520374,"16,50","156520172,156520341"
55,63,chrX,97856342,97856533,"12,33","97856342,97856499"
61,63,chr2,8799357,8799431,"0,38,70","8799357,8799396,8799423"
62,63,chr1,157010508,157010698,"0,27","157010508,157010656"
56,63,chr4,38003592,38003651,12,38003592
56,63,chr3,196369859,196370369,"14,45,52","196369859,196370054,196370350"
56,63,chr3,49771939,49772128,"13,50","49771939,49772107"
55,63,chr12,123535197,123535577,"15,50","123535197,123535556"
63,63,chr7,157222092,157222166,"0,67","157222092,157222161"
60,63,chr3,150195238,150195305,0,150195238
60,63,chr17,39130180,39130382,"15,43","39130180,39130343"
60,63,chr13,52138657,52138860,"16,31,50","52138657,52138673,52138828"
55,63,chr10,67856281,67856472,"11,33","67856281,67856437"
56,63,chr9,100515500,100515561,0,100515500
53,63,chr3,11384686,11384876,"14,43","11384686,11384851"
54,63,chr22,40957075,40957556,"15,43","40957075,40957528"
55,63,chr2,48184370,48184578,"14,47,73,77","48184370,48184542,48184567,48184572"
54,63,chr15,88781514,88781571,14,88781514
54,63,chr7,55967564,55968077,"11,33,48","55967564,55967904,55968059"
54,63,chr12,32829353,32829529,"12,37","32829353,32829498"
55,63,chrX,111468723,111468916,"13,39,43","111468723,111468776,111468888"
54,63,chr5,154721070,154721266,"15,48","154721070,154721242"
53,63,chr5,43486294,43486489,"16,49","43486294,43486467"
53,63,chr3,110979094,110979150,5,110979094
59,63,chr1_GL383518v1_alt,99405,99473,15,99405
59,63,chr17,63119730,63119810,"3,57","63119730,63119784"
54,63,chr10,75132715,75132907,"14,50","75132715,75132886"
59,63,chr1,153782704,153782772,15,153782704
59,63,chr17_GL383563v3_alt,96802,96870,0,96802
56,63,chr16,88664799,88665006,"1,12,36,54","88664799,88664809,88664977,88664993"
62,63,chr16,89348021,89348234,"1,45","89348021,89348198"
56,63,chr12,49918515,49918577,12,49918515
53,63,chr10,62108202,62108391,"12,35","62108202,62108359"
52,63,chr17,62108353,62108408,16,62108353
53,63,chr20,7420803,7420859,"12,35","7420803,7420825"
53,63,chr19,37807010,37807066,"14,48","37807010,37807040"
55,63,chr5,122859325,122859387,9,122859325
53,63,chr3,20060474,20060720,"26,40","20060474,20060677"
61,63,chr20,45458146,45458629,"10,20,24","45458146,45458285,45458571"
50,63,chr2,59271549,59271601,31,59271549
52,63,chr17,19253513,19253687,"12,27","19253513,19253647"
60,63,chr13,46301866,46301938,1,46301866
52,63,chr16,66800102,66800295,"26,43","66800102,66800256"
54,63,chr10,14594242,14594434,"15,40,50","14594242,14594258,14594401"
53,63,chr20,47444754,47445158,"12,27,44","47444754,47444905,47445133"
52,63,chr8,120424504,120424696,"26,47","120424504,120424660"
60,63,chr8,52608583,52608657,0,52608583
46,63,chr19,11566120,11566166,26,11566120
52,63,chr11,57701668,57701860,"12,33","57701668,57701824"
58,63,chr8,52835163,52835234,11,52835163
52,63,chr6,18777685,18777883,"16,45","18777685,18777846"
61,63,chr11,26636053,26636130,6,26636053
51,63,chr8,41883681,41883738,0,41883681
50,63,chr15,90585243,90585298,12,90585243
46,63,chr9,36323431,36323479,9,36323431
48,63,chr10,12024352,12024863,"30,51,75","12024352,12024831,12024856"
48,63,chr8,98052941,98053146,"3,12,31","98052941,98052949,98053122"
56,63,chr8,55474132,55474200,"0,12","55474132,55474143"
52,63,chr2,64139516,64139576,0,64139516
47,63,chr14,65310253,65310426,"12,44","65310253,65310403"
49,63,chr1,24116012,24116066,0,24116012
49,63,chr8,33710463,33710527,"26,75","33710463,33710519"
46,63,chr6_GL000255v2_alt,2538806,2538999,"19,46","2538806,2538974"
46,63,chr6_GL000252v2_alt,2540875,2541068,"19,46","2540875,2541043"
46,63,chr6_GL000251v2_alt,2764046,2764239,"19,46","2764046,2764214"
46,63,chr6,31283135,31283328,"19,46","31283135,31283303"
45,63,chr19,44656702,44656886,"20,47","44656702,44656867"
49,63,chr19,3471368,3471702,"16,43","3471368,3471675"
45,63,chr5_GL383531v1_alt,100970,101155,"12,49","100970,101135"
54,63,chr9,74398588,74398654,17,74398588
44,63,chr6,6991096,6991528,"26,43","6991096,6991500"
52,63,chr3,72742079,72742141,9,72742079
44,63,chrX,74430840,74431020,"12,31","74430840,74430994"
52,63,chr21,5240269,5240331,17,5240269
42,63,chr3,47756989,47757166,"26,48","47756989,47757146"
45,63,chr12,31606730,31606783,"4,15","31606730,31606746"
42,63,chr6_GL000256v2_alt,1520130,1520173,25,1520130
42,63,chr6_GL000255v2_alt,1476346,1476389,25,1476346
42,63,chr6_GL000253v2_alt,1531891,1531934,25,1531891
42,63,chr6_GL000251v2_alt,1701011,1701054,25,1701011
42,63,chr6_GL000250v2_alt,1479299,1479342,25,1479299
42,63,chr6,30221247,30221290,25,30221247
46,63,chr15,59673361,59673412,26,59673361
54,63,chr8,90258364,90258535,"16,25","90258364,90258477"
44,63,chr2,103440063,103440111,35,103440063
41,63,chr17,64015482,64015524,30,64015482
43,63,chr10,67892309,67892491,"26,52","67892309,67892472"
45,63,chr9,83274054,83274108,"13,47","83274054,83274089"
43,63,chr14,45253874,45254048,"12,33","45253874,45254024"
48,63,chr19,45230962,45231019,26,45230962
43,63,chr15,50292052,50292099,5,50292052
41,63,chr1,214286497,214286540,14,214286497
47,63,chr7,7779743,7779798,"12,64","7779743,7779792"
40,63,chr6_GL000254v2_alt,2625828,2626013,"26,46","2625828,2625988"
40,63,chr6_GL000253v2_alt,2592142,2592327,"26,46","2592142,2592302"
40,63,chr8_KZ208915v1_fix,4590428,4590471,18,4590428
42,63,chr11,133742197,133742244,24,133742197
44,63,chr1,161186743,161186794,32,161186743
41,63,chr22,29164048,29164093,12,29164048
39,63,chr11,118428649,118428690,27,118428649
42,63,chr10,117430334,117430381,12,117430334
40,63,chr9,129535021,129535065,39,129535021
37,63,chr14,63758782,63758820,16,63758782
46,63,chr12,68552329,68552385,27,68552329
37,63,chr3,149101473,149101645,"13,33","149101473,149101628"
38,63,chr7,76086940,76087126,"26,55","76086940,76087110"
36,63,chr12,7698635,7698672,15,7698635
38,63,chr6,17718925,17718966,26,17718925
41,63,chr5,105444776,105444822,"0,52","105444776,105444811"
42,63,chr5,80129402,80129451,12,80129402
42,63,chr8,111852312,111852362,0,111852312
35,63,chr7,129420587,129420764,"21,33","129420587,129420740"
36,63,chr1,236346161,236346201,43,236346161
35,63,chr9,96018559,96018597,12,96018559
35,63,chr3,129451185,129451223,0,129451185
36,63,chr10,67289886,67289926,0,67289886
40,63,chr16,9039549,9039598,33,9039549
35,63,chr7,85609469,85609508,1,85609469
35,63,chr4,81533060,81533099,31,81533060
37,63,chr14,46857741,46857783,"0,34","46857741,46857774"
33,63,chr19,19248172,19248208,15,19248172
31,63,chr6,165540863,165540895,12,165540863
29,63,chr8,106506979,106507008,43,106506979
32,63,chr6,132774639,132775086,"18,27,41","132774639,132774785,132775076"
32,63,chr19,57923029,57923064,17,57923029
33,63,chr10,34842323,34842360,45,34842323
30,63,chr5,70920963,70920994,26,70920963
33,63,chr3,46669130,46669167,13,46669130
33,63,chr19,48666770,48666807,0,48666770
28,63,chr10,34842459,34842487,17,34842459
31,63,chr7,5898099,5898134,48,5898099
31,63,chr9,107475766,107475801,1,107475766
31,63,chr7,6826871,6826906,0,6826871
29,63,chr11,20585335,20585366,47,20585335
27,63,chr6,42204950,42205141,"44,56","42204950,42205126"
31,63,chr6,85502258,85502294,0,85502258
25,63,chr3,95474501,95474526,46,95474501
25,63,chr11,67101469,67101494,46,67101469
25,63,chr16,46945342,46945367,12,46945342
24,63,chr9,129535406,129535430,15,129535406
28,63,chr4,70493123,70493155,50,70493123
24,63,chr19,28908445,28908469,47,28908445
29,63,chr3,157162303,157162337,0,157162303
26,63,chr11,32701090,32701118,12,32701090
27,63,chr2,51102997,51103028,52,51102997
27,63,chr2,5248752,5248783,51,5248752
23,63,chr18,9235263,9235286,48,9235263
27,63,chr12,31606648,31606679,52,31606648
27,63,chr4,81533512,81533543,0,81533512
23,63,chr17,61181972,61181995,12,61181972
24,63,chr11,115543005,115543030,15,115543005
23,63,chr16,12494107,12494131,47,12494107
21,63,chr4,140480833,140480854,50,140480833
21,63,chr10,3901523,3901544,50,3901523
21,63,chr11,97004129,97004150,12,97004129
20,63,chr19,19248046,19248066,51,19248046
83,64,chrX,73847358,73847441,0,73847358
36,64,chr8,70020392,70020902,"3,39","70020392,70020885"
24,64,chr9,39829282,39829306,23,39829282
21,64,chr6,131352782,131352803,6,131352782
20,64,chr8,94583667,94583687,52,94583667
83,69,chrX,73846943,73847026,0,73846943
26,69,chr2,164384797,164384826,42,164384797
83,73,chrX,73846611,73846694,0,73846611
25,73,chr2,219327260,219327321,"0,6","219327260,219327302"
25,73,chr14,33354705,33355178,"0,7","33354705,33355160"
21,73,chr22,39085240,39085262,11,39085240
20,73,chr11,16800587,16800607,28,16800587
83,76,chrX,73846362,73846445,0,73846362
31,76,chrX,73845779,73845811,"0,27","73845779,73845805"
25,76,chr5,130911896,130911921,"9,20","130911896,130911903"
24,76,chr16_KI270853v1_alt,918962,918987,"2,8","918962,918969"
24,76,chr16,18528307,18528332,"2,8","18528307,18528314"
24,76,chr19,6691600,6691627,"11,19","6691600,6691610"
83,83,chrX,73845781,73845864,0,73845781
29,83,chr22,31150399,31150429,"20,31","31150399,31150405"
28,83,chr17,48664468,48664496,"13,30","48664468,48664479"
28,83,chr5,171318208,171318237,"26,48","171318208,171318227"
26,83,chr20,20366686,20366713,28,20366686
25,83,chr12,8224655,8224680,"29,51","8224655,8224676"
26,83,chr16,53459903,53459932,"29,38","53459903,53459914"
23,83,chrX,73846364,73846387,0,73846364
23,83,chr16,14302017,14302041,31,14302017
23,83,chr10,557682,557706,28,557682
21,83,chr18,73241277,73241298,33,73241277
21,83,chr2,33644660,33644682,37,33644660
20,83,chr2,7432189,7432209,30,7432189
83,86,chrX,73845532,73845615,0,73845532
62,86,chrX,73844669,73844737,7,73844669
45,86,chrX,73845868,73845915,31,73845868
40,86,chrX,73846160,73846203,35,73846160
32,86,chr7,15237491,15237968,"18,47","15237491,15237948"
20,86,chrX,4021414,4021434,31,4021414
83,87,chrX,73845449,73845532,0,73845449
76,87,chrX,73844574,73846125,"0,20","73844574,73846062"
70,87,chrX,73844868,73844952,"0,20","73844868,73844889"
50,87,chrX,73845749,73845808,"0,20","73845749,73845770"
29,87,chr5,154454711,154454743,"33,61","154454711,154454734"
24,87,chr1,110386580,110386609,"8,26","110386580,110386603"
25,87,chr20,31086940,31086978,"41,56","31086940,31086967"
83,89,chrX,73845283,73845366,0,73845283
80,89,chrX,73845877,73845960,0,73845877
75,89,chrX,73846165,73846244,0,73846165
73,89,chrX,73844702,73844778,0,73844702
27,89,chr14,74327543,74327583,"10,28","74327543,74327574"
26,89,chrX,17294579,17295043,"57,76","17294579,17295036"
26,89,chr9,117298171,117298197,"50,61","117298171,117298179"
24,89,chr3_KI270784v1_alt,113131,113156,"41,46","113131,113135"
20,89,chr2,102758203,102758223,51,102758203
83,90,chrX,73845200,73845283,0,73845200
66,90,chrX,73846082,73846150,0,73846082
69,90,chrX,73844909,73844992,"0,66,74","73844909,73844969,73844983"
42,90,chrX,73845492,73845536,3,73845492
27,90,chr15,63254260,63254288,"34,51","63254260,63254276"
27,90,chr10_KI270825v1_alt,49325,49355,"39,64","49325,49347"
27,90,chr10,77810633,77810663,"39,64","77810633,77810655"
25,90,chr3,10960816,10960843,"19,24","10960816,10960823"
25,90,chr15,41651795,41651821,"53,65","41651795,41651805"
22,90,chr6_KI270798v1_alt,192138,192161,37,192138
83,96,chrX,73844702,73844785,0,73844702
73,96,chrX,73845283,73845359,0,73845283
72,96,chrX,73845877,73845953,0,73845877
72,96,chrX,73846165,73846241,0,73846165
64,96,chrX,73845001,73845069,8,73845001
26,96,chr9,117298171,117298197,"50,61","117298171,117298179"
22,96,chr3,63473172,63473196,44,63473172
83,101,chrX,73844287,73844370,0,73844287
28,101,chr7,91998469,91998497,"8,16,37","91998469,91998474,91998492"
20,101,chr10,18834573,18834593,16,18834573
83,105,chrX,73843955,73844038,0,73843955
31,105,chr15,85425747,85425781,"24,31,37,42","85425747,85425756,85425761,85425765"
24,105,chr10,66652325,66652349,"26,46","66652325,66652344"
83,107,chrX,73843789,73843872,0,73843789
28,107,chr12,19137440,19137473,"39,63","19137440,19137466"
83,108,chrX,73843706,73843789,0,73843706
25,108,chrX,131297357,131297392,"18,26","131297357,131297374"
23,108,chr15,48014285,48014309,"11,27","48014285,48014302"
21,108,chr13,34670428,34670449,30,34670428
83,111,chrX,73843457,73843540,0,73843457
31,111,chr4,126279978,126280016,"29,49","126279978,126280004"
22,111,chr3_MU273347v1_fix,250465,250488,31,250465
22,111,chr3,32882239,32882262,31,32882239
21,111,chr12,77032774,77032796,0,77032774
83,114,chrX,73843208,73843291,0,73843208
25,114,chr8,132404648,132404681,"30,39","132404648,132404664"
24,114,chr6,120605491,120605517,"32,39","120605491,120605499"
22,114,chrY,25990148,25990171,"26,31","25990148,25990154"
22,114,chrY,22516149,22516172,"26,31","22516149,22516155"
21,114,chr7_KI270803v1_alt,691899,691921,38,691899
83,118,chrX,73842876,73842959,0,73842876
26,118,chr16,3650890,3650921,"42,66","3650890,3650912"
24,118,chr11,72617838,72617869,"26,44","72617838,72617863"
21,118,chr16,68605104,68605125,24,68605104
83,119,chrX,73842793,73842876,0,73842793
28,119,chr1,224647749,224647777,"11,37","224647749,224647770"
29,119,chr3,120170360,120170391,"37,41,45,53","120170360,120170365,120170370,120170375"
29,119,chr1,221700164,221700194,"6,13,18","221700164,221700170,221700174"
27,119,chr20,19285016,19285052,"45,54","19285016,19285033"
27,119,chr10,95245049,95245077,"32,39","95245049,95245055"
27,119,chr10,132394965,132395001,"9,27","132394965,132394991"
24,119,chr16,50313719,50313744,17,50313719
23,119,chr4,147231209,147231233,41,147231209
23,119,chr18,77379660,77379684,55,77379660
22,119,chr11,75223830,75223852,48,75223830
24,119,chr12,47986590,47986615,"10,30","47986590,47986609"
22,119,chr1,7534938,7534960,13,7534938
22,119,chr4,22212689,22212712,"17,22","22212689,22212695"
22,119,chr17,77359045,77359068,"17,33","77359045,77359062"
21,119,chr1,162010113,162010134,18,162010113
20,119,chr3,164462045,164462065,42,164462045
20,119,chr3,82378892,82378912,30,82378892
21,119,chr11,115581050,115581072,41,115581050
21,119,chr10,52779290,52779312,41,52779290
21,119,chr16,88628874,88628896,8,88628874
20,119,chr16,2364811,2364831,13,2364811
20,119,chr15,78120668,78120688,8,78120668
83,121,chrX,73842627,73842710,0,73842627
29,121,chr15,83002431,83002461,"14,31","83002431,83002441"
83,123,chrX,73842461,73842544,0,73842461
32,123,chr5,12196606,12196639,"34,43,65","12196606,12196614,12196633"
24,123,chr17,39567390,39567416,"44,50","39567390,39567397"
20,123,chrX,129781122,129781142,0,129781122
20,123,chr8,5990327,5990347,24,5990327
21,123,chr2,191885530,191885552,0,191885530
83,128,chrX,73842046,73842129,0,73842046
27,128,chr9,94123959,94123998,"44,55","94123959,94123980"
20,128,chr6,94679960,94679980,42,94679960
20,128,chr14,56095967,56095987,13,56095967
83,129,chrX,73841963,73842046,0,73841963
39,129,chr2,225302199,225302265,"18,39,45,55","225302199,225302217,225302243,225302258"
32,129,chr4,102824320,103077732,"42,58","102824320,103077716"
30,129,chr3,15488035,15488383,"53,57,76","15488035,15488040,15488376"
83,130,chrX,73841880,73841963,0,73841880
26,130,chr8,65639258,65639291,"34,41","65639258,65639272"
27,130,chr2,174568384,174568412,"21,39","174568384,174568395"
26,130,chr5,20618760,20618787,"38,44,57","20618760,20618765,20618779"
23,130,chr11,47011810,47011838,"42,58","47011810,47011831"
22,130,chr2,220659193,220659216,"41,59","220659193,220659212"
83,131,chrX,73841797,73841880,0,73841797
27,131,chr11,12203854,12204248,"10,27","12203854,12204238"
21,131,chr3,169696726,169696747,32,169696726
21,131,chr3,6918914,6918935,27,6918914
22,131,chr15,88863374,88863397,"53,70","88863374,88863392"
20,131,chr1_GL383520v2_alt,316807,316827,56,316807
20,131,chr17,57562057,57562077,27,57562057
20,131,chr1,198675402,198675422,56,198675402
83,132,chrX,73841714,73841797,0,73841714
42,132,chr22,19001636,19001687,0,19001636
23,132,chrX,154694983,154695006,14,154694983
20,132,chr13,104322843,104322863,11,104322843
20,132,chr13,89928308,89928328,39,89928308
83,133,chrX,73841631,73841714,0,73841631
34,133,chr11,91234570,91234623,"21,44,55","91234570,91234604,91234618"
32,133,chr12,26859608,26859877,"14,46","26859608,26859863"
30,133,chr1,35203340,35203388,"22,39,49","35203340,35203375,35203384"
28,133,chr2,35504894,35504928,"22,52","35504894,35504918"
25,133,chr2,36055237,36055263,12,36055237
24,133,chr4,19344417,19344447,"27,34","19344417,19344430"
23,133,chr6,143998105,143998129,"34,50","143998105,143998122"
21,133,chr3,163810948,163810969,55,163810948
20,133,chr6,130385023,130385043,51,130385023
20,133,chr1,97968652,97968672,17,97968652
65,137,chrX,73837438,73837503,17,73837438
45,137,chr12,92308977,92309032,"5,34","92308977,92309000"
46,137,chr9,15265945,15266003,"17,62","15265945,15265984"
38,137,chr6,137827625,137827670,"13,34","137827625,137827640"
36,137,chr7,100278824,100278866,"25,34","100278824,100278834"
31,137,chr12,82999142,82999173,34,82999142
32,137,chr11,22213304,22213337,33,22213304
31,137,chrX,38573672,38573704,34,38573672
31,137,chr8,57893185,57893217,34,57893185
30,137,chr2,19967965,19967998,"33,38","19967965,19967973"
29,137,chr15,44051646,44051675,37,44051646
30,137,chr6,26622436,26622468,34,26622436
30,137,chr4,187414569,187414601,34,187414569
30,137,chr16,86428790,86428822,34,86428790
31,137,chr14,76150943,76150976,"40,70","76150943,76150970"
30,137,chr10,38364047,38364079,34,38364047
30,137,chr1,162798352,162798384,34,162798352
31,137,chrX,109602618,109602651,"15,22","109602618,109602624"
30,137,chr6_GL000253v2_alt,1522930,1522962,17,1522930
30,137,chr6_GL000252v2_alt,1468150,1468182,17,1468150
30,137,chr6,117174557,117174589,17,117174557
29,137,chr3,115173625,115173655,17,115173625
30,137,chr2,207509270,207509301,"17,23","207509270,207509275"
30,137,chr11,101004549,101004581,17,101004549
27,137,chr9,80783850,80783877,38,80783850
28,137,chr17,39833986,39834017,"38,44","39833986,39833995"
28,137,chr15,41627330,41627359,37,41627330
28,137,chr11,82254010,82254039,34,82254010
28,137,chr1,84872023,84872054,"38,43","84872023,84872031"
28,137,chr18,13555137,13555168,"17,39","13555137,13555162"
27,137,chr7,42497191,42497219,38,42497191
26,137,chr6,44811160,44811186,40,44811160
26,137,chr2,182058180,182058206,40,182058180
27,137,chr11,37514880,37514908,38,37514880
28,137,chr1,163629008,163629037,"34,43","163629008,163629014"
26,137,chr5,105988051,105988077,17,105988051
26,137,chr17,39914377,39914403,17,39914377
26,137,chr12,90883695,90883721,17,90883695
27,137,chr1,164016850,164016878,17,164016850
27,137,chr7,46115347,46115378,"38,43","46115347,46115355"
27,137,chr7,9211253,9211298,"40,60","9211253,9211290"
25,137,chr6,73281821,73281846,41,73281821
27,137,chr5,177597881,177597912,"38,44","177597881,177597890"
25,137,chr3,115453091,115453116,41,115453091
25,137,chr2,64975030,64975055,41,64975030
26,137,chr12,125835987,125836016,"40,45","125835987,125835995"
25,137,chr11,86560812,86560837,41,86560812
25,137,chr9,105936222,105936247,17,105936222
26,137,chr5,101295382,101295408,"8,17","101295382,101295388"
25,137,chr2,61154370,61154395,17,61154370
27,137,chr16,49260689,49260720,"17,39","49260689,49260714"
26,137,chr14,40654913,40654942,"17,38","40654913,40654937"
25,137,chr11,107137357,107137382,17,107137357
25,137,chr3,126228770,126228796,40,126228770
25,137,chr2,124697355,124697381,40,124697355
26,137,chr2,112000396,112000426,"39,46","112000396,112000406"
25,137,chr14,59804139,59804165,40,59804139
25,137,chr13,26916387,26916415,"38,43","26916387,26916395"
25,137,chr1,68067804,68067830,40,68067804
25,137,chrY,6635011,6635037,23,6635011
24,137,chrX,149397100,149397124,17,149397100
25,137,chr9,105877159,105877185,17,105877159
25,137,chr6_GL000256v2_alt,1320250,1320276,17,1320250
25,137,chr6_GL000255v2_alt,1277540,1277566,17,1277540
25,137,chr6_GL000254v2_alt,1366498,1366524,17,1366498
25,137,chr6_GL000253v2_alt,1283174,1283200,17,1283174
25,137,chr6_GL000252v2_alt,1277979,1278005,17,1277979
25,137,chr6_GL000251v2_alt,1501829,1501855,17,1501829
25,137,chr6_GL000250v2_alt,1280153,1280179,17,1280153
25,137,chr6,30022425,30022451,17,30022425
25,137,chr4,90428866,90428892,17,90428866
24,137,chr4,73755321,73755345,19,73755321
24,137,chr2,36047407,36047431,18,36047407
24,137,chr2,24346463,24346487,19,24346463
25,137,chr10,57380630,57380656,19,57380630
24,137,chr3,138904893,138904918,41,138904893
24,137,chr3,105948689,105948714,41,105948689
24,137,chr3,8245424,8245449,41,8245424
24,137,chr15,97407714,97407739,41,97407714
23,137,chr14,22931757,22931780,43,22931757
24,137,chr10,95743098,95743123,41,95743098
25,137,chr10,58547245,58547271,"40,49,54","58547245,58547255,58547259"
24,137,chr7,24412764,24412788,"17,38","24412764,24412784"
24,137,chr7,20670119,20670144,17,20670119
24,137,chr6,79973073,79973098,17,79973073
23,137,chr3,83420386,83420409,17,83420386
24,137,chr13,84242845,84242870,24,84242845
24,137,chr13,49424448,49424473,17,49424448
24,137,chr12,63864723,63864748,"17,36","63864723,63864743"
24,137,chr11,113319328,113319353,20,113319328
23,137,chr1,84873094,84873117,17,84873094
23,137,chr7,120026027,120026051,42,120026027
22,137,chr7,25034287,25034309,44,25034287
22,137,chr2,223391657,223391679,44,223391657
22,137,chr2,182071222,182071244,41,182071222
23,137,chr2,172937328,172937352,42,172937328
23,137,chr11,89600002,89600028,"38,43","89600002,89600010"
22,137,chr1,92118237,92118259,44,92118237
22,137,chrX,72538977,72538999,17,72538977
22,137,chrX,12565640,12565662,28,12565640
23,137,chr9,94896752,94896776,18,94896752
22,137,chr6,37351269,37351291,17,37351269
22,137,chr3,7220524,7220546,17,7220524
23,137,chr2,189139505,189139529,17,189139505
22,137,chr2,152009288,152009310,18,152009288
22,137,chr17,55376318,55376340,17,55376318
22,137,chr15,67345704,67345726,20,67345704
24,137,chr13,86685746,86685772,17,86685746
22,137,chr1,197509306,197509328,18,197509306
22,137,chr6,92243935,92243958,41,92243935
21,137,chr6,73656148,73656169,42,73656148
22,137,chr3,150785269,150785292,43,150785269
22,137,chr3,126597870,126597893,42,126597870
23,137,chr2,157408325,157408350,41,157408325
21,137,chr2,125955904,125955925,45,125955904
22,137,chr11,30369624,30369647,38,30369624
21,137,chr10,80680790,80680811,41,80680790
21,137,chr1,118196159,118196180,40,118196159
21,137,chr1,30352222,30352243,44,30352222
21,137,chrX,141550739,141550760,17,141550739
21,137,chr9,5343971,5343992,17,5343971
22,137,chr3,141327565,141327588,20,141327565
21,137,chr12,122914639,122914660,28,122914639
21,137,chr12,110362807,110362828,21,110362807
21,137,chr10,849944,849965,17,849944
21,137,chr1,96196922,96196943,19,96196922
20,137,chr2,160857265,160857285,41,160857265
20,137,chr12,114906824,114906844,46,114906824
20,137,chr12,63112060,63112080,41,63112060
20,137,chr11,15549697,15549717,46,15549697
20,137,chr1,108410541,108410561,46,108410541
20,137,chr1,46832036,46832056,46,46832036
20,137,chrX,74898433,74898453,18,74898433
21,137,chr8,136351730,136351752,20,136351730
21,137,chr5,119035149,119035171,18,119035149
20,137,chr5,45511694,45511714,22,45511694
20,137,chr2,62168459,62168479,17,62168459
20,137,chr11,123389491,123389511,17,123389491
20,137,chr10,45525902,45525922,17,45525902
20,137,chr1,108283817,108283837,17,108283817
21,137,chr1,16280340,16280362,17,16280340
83,138,chrX,73833273,73833356,0,73833273
29,138,chr20,14805118,14805147,"16,37,44","14805118,14805137,14805142"
26,138,chr14,53635885,53635912,"15,39","53635885,53635902"
23,138,chr3,149119112,149119136,"35,42","149119112,149119120"
20,138,chr11,119706204,119706224,23,119706204
83,139,chrX,73831227,73833273,"0,47","73831227,73833237"
26,139,chr11,78565070,78565341,"0,8","78565070,78565323"
20,139,chr14,84734427,84734447,61,84734427
83,144,chrX,73827895,73827978,0,73827895
27,144,chr4,23176998,23177046,"16,25","23176998,23177028"
27,144,chr12,64963753,64963801,"16,25","64963753,64963783"
26,144,chr16,59778660,59778691,"46,66","59778660,59778685"
27,144,chrY,675510,675543,"55,74","675510,675534"
27,144,chrX,675510,675543,"55,74","675510,675534"
26,144,chr11,73984110,73984136,"55,77","73984110,73984130"
26,144,chr7,5539754,5539783,"55,61","5539754,5539761"
22,144,chr3,57998535,57998557,61,57998535
21,144,chr7,67997745,67997766,0,67997745
21,144,chr22,25491800,25491822,0,25491800
83,146,chrX,73827729,73827812,0,73827729
30,146,chr6,51347800,51348047,"24,49","51347800,51348030"
27,146,chr1,72602638,72602667,"4,26","72602638,72602662"
28,146,chr2,189781693,189781728,"6,18","189781693,189781708"
26,146,chr5,167394080,167394109,0,167394080
23,146,chrX,67863452,67863476,"43,49","67863452,67863459"
20,146,chrX,114138965,114138985,59,114138965
20,146,chr16,66483165,66483185,63,66483165
83,147,chrX,73827646,73827729,0,73827646
34,147,chr3,4094579,4094861,"0,6,35","4094579,4094824,4094851"
25,147,chr16,80431849,80431878,"48,55","80431849,80431860"
24,147,chr12,113551966,113551992,"26,31","113551966,113551973"
25,147,chr7,73138675,73138703,0,73138675
23,147,chr19,49266916,49266941,31,49266916
22,147,chr13,66408704,66408727,11,66408704
22,147,chr11,97449855,97449878,10,97449855
22,147,chr11,45885299,45885322,38,45885299
22,147,chr2,121785928,121785951,12,121785928
20,147,chrX,122750836,122750856,9,122750836
20,147,chr8,28096769,28096789,23,28096769
20,147,chr7,1579960,1579980,44,1579960
83,149,chrX,73827480,73827563,0,73827480
33,149,chr2,106535955,106536017,"5,21,41","106535955,106536000,106536010"
28,149,chr4,41708877,41708905,"27,50","41708877,41708885"
23,149,chr6,153370651,153370681,"48,55","153370651,153370665"
22,149,chr5,76570753,76570776,54,76570753
20,149,chr8,4657363,4657383,26,4657363
20,149,chr4,63874143,63874163,10,63874143
20,149,chr14,21571285,21571305,44,21571285
83,150,chrX,73827397,73827480,0,73827397
31,150,chrX,7457262,7457358,"0,61","7457262,7457339"
22,150,chr8,31843713,31843735,58,31843713
24,150,chr5,89962415,89962440,"19,36","89962415,89962431"
20,150,chr22,28125302,28125322,30,28125302
83,152,chrX,73827231,73827314,0,73827231
33,152,chr2,218381920,218381954,"8,28","218381920,218381939"
31,152,chr14,28725163,28725195,"36,57","28725163,28725183"
27,152,chr18,41570925,41570952,"6,28","41570925,41570946"
26,152,chr11,118148621,118148895,"0,7","118148621,118148876"
26,152,chr2,143949104,143949131,"5,28","143949104,143949126"
25,152,chr9,64068275,64068301,"7,28","64068275,64068295"
20,152,chr14,23649241,23649261,14,23649241
20,152,chr9,89549884,89549904,49,89549884
83,154,chrX,73827065,73827148,0,73827065
30,154,chr11,34601585,34602079,"46,66","34601585,34602067"
27,154,chr20,52094929,52094973,"53,62","52094929,52094954"
21,154,chr17,32298895,32298916,42,32298895
83,155,chrX,73826982,73827065,0,73826982
25,155,chr9,137030708,137030733,"52,75","137030708,137030726"
83,159,chrX,73826650,73826733,0,73826650
27,159,chr6,135112439,135112836,"18,30","135112439,135112820"
27,159,chr4,123566795,123567196,"37,54","123566795,123567185"
83,162,chrX,73826401,73826484,0,73826401
25,162,chr2,191857445,191857471,"19,36","191857445,191857463"
25,162,chr12,91498263,91498295,"19,38","91498263,91498289"
22,162,chr8,48603724,48603747,23,48603724
20,162,chr2,23200304,23200324,62,23200304
20,162,chr13,55119575,55119595,39,55119575
83,164,chrX,73826235,73826318,0,73826235
27,164,chr20,46215565,46215684,"50,66","46215565,46215673"
26,164,chr4,130954703,130955179,"0,7","130954703,130955160"
21,164,chr20,16894420,16894442,49,16894420
20,164,chr11,97312433,97312453,58,97312433
83,165,chrX,73826152,73826235,0,73826152
25,165,chr9,70851779,70852159,"58,78","70851779,70852154"
22,165,chr17,17577383,17577406,6,17577383
83,169,chrX,73825820,73825903,0,73825820
25,169,chr2,18708278,18708305,"57,77","18708278,18708300"
26,169,chr18,55524332,55524365,"8,31","55524332,55524358"
24,169,chr12,89560694,89560833,"0,5","89560694,89560814"
21,169,chr5,95024190,95024211,4,95024190
20,169,chr8,35923963,35923983,51,35923963
20,169,chr6,19339078,19339098,10,19339078
83,170,chrX,73825737,73825820,0,73825737
28,170,chr13,78925801,78925836,"4,26","78925801,78925829"
20,170,chr12,61339421,61339441,4,61339421
83,171,chrX,73825654,73825737,0,73825654
49,171,chr18,26036953,26037009,"14,31","26036953,26036972"
42,171,chr7,127047231,127047291,"10,47","127047231,127047270"
38,171,chr20,4358074,4358126,"18,36","4358074,4358094"
34,171,chr14,80523885,80523922,"38,52","80523885,80523901"
32,171,chrX,75521000,75603476,"0,16","75521000,75603460"
34,171,chr15,88113793,88113831,"9,27","88113793,88113813"
32,171,chr11,65723186,65723221,15,65723186
28,171,chr4,166432879,166432910,"45,52","166432879,166432888"
25,171,chr7,13948662,13948687,6,13948662
22,171,chr5,179196793,179196815,52,179196793
23,171,chr17,15541313,15541337,20,15541313
22,171,chr17,6386315,6386337,9,6386315
23,171,chr3,41039244,41039269,49,41039244
22,171,chr16,17224875,17224898,"52,68","17224875,17224892"
21,171,chr1,65694930,65694951,56,65694930
21,171,chr3,16568105,16568126,10,16568105
21,171,chr1,203828834,203828855,10,203828834
20,171,chr10,96136929,96136949,52,96136929
20,171,chrX,74272493,74272513,11,74272493
20,171,chr5,115589181,115589201,9,115589181
83,173,chrX,73825488,73825571,0,73825488
25,173,chr6,35942118,35942156,"50,58","35942118,35942139"
26,173,chr2,179782012,179782041,5,179782012
24,173,chr12,118473650,118473676,49,118473650
23,173,chr10,51149475,51149499,"40,58","51149475,51149494"
22,173,chr7,43090759,43090782,"13,17","43090759,43090764"
20,173,chr4,31069141,31069161,48,31069141
20,173,chr8,86023166,86023186,52,86023166
83,174,chrX,73825405,73825488,0,73825405
33,174,chr9,108443248,108443630,"49,76","108443248,108443623"
29,174,chr11,126100716,126100746,48,126100716
25,174,chr5,65837366,65837391,48,65837366
26,174,chr17,8007752,8007780,"49,55","8007752,8007760"
26,174,chr13,50599907,50599940,"2,8","50599907,50599920"
27,174,chr7,122353005,122353033,"5,21","122353005,122353019"
26,174,chr1,29560543,29560570,9,29560543
25,174,chr14,75832610,75832636,48,75832610
25,174,chr1,58911846,58912089,"58,78","58911846,58912084"
26,174,chr4_KI270788v1_alt,110973,111009,"8,28","110973,111001"
26,174,chr4,120269019,120269055,"8,28","120269019,120269047"
25,174,chr15,67252902,67252927,"0,7","67252902,67252908"
24,174,chr8,31907577,31907601,"45,52","31907577,31907582"
24,174,chr11,108889051,108889076,46,108889051
24,174,chr4,17329061,17329086,9,17329061
24,174,chr1,31048296,31048320,"9,30","31048296,31048316"
25,174,chr1,17452787,17452814,7,17452787
23,174,chr3,17035308,17035332,"59,78","17035308,17035328"
22,174,chr22,35631978,35632000,54,35631978
23,174,chr1,66252233,66252257,49,66252233
22,174,chr1,54161110,54161132,56,54161110
23,174,chr1,36419603,36419627,54,36419603
22,174,chrX,148287605,148287627,7,148287605
23,174,chrX,39239899,39239922,"10,30","39239899,39239918"
22,174,chr1,236059429,236059451,6,236059429
23,174,chr1,116763583,116763607,10,116763583
21,174,chr2,46880486,46880507,54,46880486
22,174,chr5,158070299,158070322,4,158070299
21,174,chr3,88376604,88376625,27,88376604
21,174,chr3,12178755,12178776,9,12178755
21,174,chr12,102597830,102597851,15,102597830
21,174,chr12,47753085,47753106,9,47753085
21,174,chr1,186430807,186430828,5,186430807
20,174,chr8,97270384,97270404,47,97270384
20,174,chr7,81394320,81394340,53,81394320
20,174,chr4,3780229,3780249,54,3780229
20,174,chr14,102185646,102185666,54,102185646
20,174,chr14,25455130,25455150,54,25455130
20,174,chr12,15341956,15341976,57,15341956
20,174,chr11,120780110,120780130,48,120780110
20,174,chr11,78164323,78164343,54,78164323
20,174,chr1,172780499,172780519,52,172780499
21,174,chr1,166065534,166065556,57,166065534
20,174,chr1,107362739,107362759,57,107362739
20,174,chr6,49767329,49767349,9,49767329
20,174,chr4,16274790,16274810,9,16274790
20,174,chr3,3377014,3377034,5,3377014
20,174,chr22,25976979,25976999,9,25976979
20,174,chr15,67089720,67089740,9,67089720
20,174,chr13,59946310,59946330,10,59946310
20,174,chr12_KI270835v1_alt,150006,150026,15,150006
20,174,chr12,31259212,31259232,15,31259212
83,175,chrX,73825322,73825405,0,73825322
29,175,chr11,45530117,45530162,"26,46","45530117,45530153"
20,175,chr6,71212167,71212187,56,71212167
20,175,chr6,1725858,1725878,17,1725858
83,176,chrX,73825239,73825322,0,73825239
29,176,chr4,141888284,141888317,"47,52,68","141888284,141888290,141888308"
27,176,chr6,54065906,54065953,"12,23","54065906,54065935"
25,176,chr8,79812260,79812487,"0,8","79812260,79812470"
26,176,chr5,35054498,35054533,"14,23","35054498,35054515"
26,176,chr3,138753983,138754017,"44,61","138753983,138754007"
24,176,chr2,152404769,152404800,"22,40","152404769,152404794"
24,176,chr16,89670422,89670447,"13,32","89670422,89670442"
22,176,chr11,90408229,90408251,16,90408229
24,176,chr1,72526773,72526799,"58,78","72526773,72526794"
21,176,chr4,55921920,55921941,52,55921920
20,176,chr7,113560099,113560119,11,113560099
83,177,chrX,73825156,73825239,0,73825156
38,177,chr16,87065139,87456996,"10,27,32","87065139,87065195,87456980"
33,177,chr15,74116510,74116831,"27,31,65","74116510,74116515,74116814"
25,177,chr3,24610625,24610653,"42,58","24610625,24610644"
23,177,chr9,77123394,77123417,39,77123394
25,177,chr10,24602160,24602190,"32,50","24602160,24602182"
22,177,chr8,60626540,60626563,"35,52","60626540,60626558"
22,177,chr10,71584488,71584511,"53,71","71584488,71584507"
20,177,chr3,104663110,104663130,29,104663110
20,177,chr1,221422023,221422043,44,221422023
83,178,chrX,73825073,73825156,0,73825073
27,178,chr1,116122043,116122071,33,116122043
26,178,chr17_KI270857v1_alt,100395,100423,22,100395
26,178,chr17,35865863,35865891,22,35865863
22,178,chr1,34143623,34143645,38,34143623
21,178,chr5,54849765,54849786,19,54849765
21,178,chr12,24320160,24320181,53,24320160
20,178,chr8,100534086,100534106,21,100534086
20,178,chr5,163793400,163793420,15,163793400
83,179,chrX,73824990,73825073,0,73824990
32,179,chr6,156821665,157014816,"21,32","156821665,157014795"
27,179,chr6,117431210,117431596,"12,24","117431210,117431581"
27,179,chr7,109842439,109842481,"9,21","109842439,109842463"
27,179,chr14,95861723,95861753,"22,41","95861723,95861744"
31,179,chr12,5985840,5985878,7,5985840
25,179,chr7,77459520,77459547,"34,41","77459520,77459529"
28,179,chr1,34826283,34826315,24,34826283
24,179,chr11,78232914,78232940,"26,43","78232914,78232933"
22,179,chr3,155425838,155425860,27,155425838
20,179,chr2,5915044,5915064,26,5915044
20,179,chr1,110531095,110531115,24,110531095
20,179,chr15,95159159,95159179,19,95159159
83,186,chrX,73824409,73824492,0,73824409
33,186,chr3,150169377,150169854,"0,7","150169377,150169825"
26,186,chr4,22800155,22800186,"27,45","22800155,22800172"
24,186,chr16,79953184,79953211,"45,63","79953184,79953204"
23,186,chr1,180371064,180371089,11,180371064
20,186,chr11,108392382,108392402,21,108392382
83,188,chrX,73824243,73824326,0,73824243
30,188,chr6,103039995,103040035,"29,39","103039995,103040010"
27,188,chr4,66563415,66563450,"29,51","66563415,66563441"
28,188,chr12,38713039,38713069,"40,59","38713039,38713056"
23,188,chr6,52129489,52129513,"53,71","52129489,52129508"
22,188,chrX,146912365,146912388,52,146912365
20,188,chr7,79964613,79964633,30,79964613
20,188,chr13,59679942,59679962,55,59679942
83,189,chrX,73824160,73824243,0,73824160
25,189,chr22,38773932,38773962,"40,60","38773932,38773956"
20,189,chr16,68754760,68754780,39,68754760
20,189,chr12,80220727,80220747,40,80220727
20,189,chr17,17818799,17818819,24,17818799
83,190,chrX,73824077,73824160,0,73824077
26,190,chr16,52440040,52440545,"42,58","52440040,52440535"
25,190,chrX,96876959,96876985,"42,60","96876959,96876976"
20,190,chr4,116179817,116179837,11,116179817
20,190,chr2,39458761,39458781,10,39458761
21,190,chr10,91947145,91947167,55,91947145
83,191,chrX,73823994,73824077,0,73823994
26,191,chr15,92658529,92658557,"18,35,40","92658529,92658547,92658553"
22,191,chr7,56713608,56713630,21,56713608
20,191,chr9,17494823,17494843,19,17494823
83,193,chrX,73823828,73823911,0,73823828
25,193,chr18,229069,229098,"3,12","229069,229079"
83,197,chrX,73823496,73823579,0,73823496
26,197,chr4,38913205,38913232,"17,45","38913205,38913222"
21,197,chr3,147342708,147342729,31,147342708
21,197,chr8,21090439,21090460,33,21090439
83,200,chrX,73823247,73823330,0,73823247
58,200,chr7,117937119,118201381,"4,24,42,47","117937119,117937498,117937575,118201365"
40,200,chr8,140805550,140805791,"7,24,57","140805550,140805568,140805775"
34,200,chr2,178152379,178207778,"16,32","178152379,178207760"
33,200,chr1,84081955,84082018,"18,26,56","84081955,84081985,84082010"
31,200,chr14,95226558,95226594,"41,60","95226558,95226582"
28,200,chr10,107041400,107041428,"0,21","107041400,107041419"
25,200,chrX,155682306,155682332,"23,34","155682306,155682315"
24,200,chr9,108519846,108519871,14,108519846
23,200,chr15,51400614,51400638,"21,38","51400614,51400632"
21,200,chr2,228679391,228679412,34,228679391
21,200,chr16,64738631,64738652,38,64738631
20,200,chr5,138385614,138385634,27,138385614
20,200,chr14,97676894,97676914,11,97676894
83,203,chrX,73822998,73823081,0,73822998
32,203,chr5,144881896,144882182,"44,55,59","144881896,144881930,144882165"
33,203,chr14,20324157,20324199,"0,24,30","20324157,20324182,20324193"
31,203,chr12,100594140,100594249,"9,34,45","100594140,100594233,100594245"
29,203,chr4,130956188,130956221,"44,49,54","130956188,130956194,130956202"
26,203,chr3,102719005,102719032,"9,16","102719005,102719010"
25,203,chr3,26299491,26299972,"0,7","26299491,26299954"
25,203,chr14,93447519,93447552,"21,30","93447519,93447535"
83,206,chrX,73822749,73822832,0,73822749
26,206,chr2,108242734,108242762,19,108242734
83,207,chrX,73822666,73822749,0,73822666
28,207,chr4,143716188,143716627,"55,73","143716188,143716617"
25,207,chr7,138699360,138699386,"11,20","138699360,138699368"
23,207,chr11,41909465,41909488,4,41909465
21,207,chr3,38190297,38190319,61,38190297
20,207,chr2,214735266,214735286,51,214735266
83,209,chrX,73822500,73822583,0,73822500
29,209,chr7,115305346,115305375,"23,28,54","115305346,115305350,115305367"
27,209,chr4,42031253,42031281,6,42031253
25,209,chr19,12163730,12163757,"35,39,56","12163730,12163735,12163753"
24,209,chr1,18187934,18187966,"2,9","18187934,18187949"
22,209,chrX,67378403,67378425,5,67378403
21,209,chr3,195264734,195264755,4,195264734
83,210,chrX,73822417,73822500,0,73822417
28,210,chrX,92382059,92382096,"40,49,56","92382059,92382067,92382081"
25,210,chr1_MU273336v1_fix,64861,65332,"0,7","64861,65314"
25,210,chr1,159313035,159313506,"0,7","159313035,159313488"
83,213,chrX,73822168,73822251,0,73822168
24,213,chr5,138626243,138626276,"59,66","138626243,138626259"
25,213,chr10,52755055,52755081,"27,47","52755055,52755072"
24,213,chr10,49274736,49274763,"48,55","49274736,49274745"
83,215,chrX,73822002,73822085,0,73822002
39,215,chr4,114776195,115050446,"16,50","114776195,115050427"
26,215,chr1,90424699,90424726,"38,55","90424699,90424710"
24,215,chr4,44724425,44724462,"20,37","44724425,44724455"
20,215,chr11,104538537,104538557,18,104538537
83,216,chrX,73821919,73822002,0,73821919
31,216,chr20,16383496,16383922,"21,63","16383496,16383905"
24,216,chr2,22282384,22282409,"0,7","22282384,22282390"
20,216,chrX,124359499,124359519,39,124359499
83,217,chrX,73821836,73821919,0,73821836
26,217,chrX,10890379,10890406,10,10890379
25,217,chr8,84154773,84154799,"0,6","84154773,84154780"
26,217,chr2,60270709,60270736,"1,19","60270709,60270720"
25,217,chr11,102950461,102950487,"43,56","102950461,102950470"
21,217,chr4,31280386,31280407,43,31280386
20,217,chr5,106548619,106548639,0,106548619
20,217,chr4,88767651,88767671,6,88767651
83,218,chrX,73821753,73821836,0,73821753
40,218,chr2,108652932,108653003,"35,42,57,77","108652932,108652940,108652952,108652997"
29,218,chr7,127736479,127736518,"33,50","127736479,127736505"
29,218,chr16,14040243,14040279,"26,32,49","14040243,14040254,14040273"
28,218,chr6,152466529,152466566,"22,27,35","152466529,152466533,152466549"
27,218,chr12,80656242,80656277,"2,12","80656242,80656259"
26,218,chr2,110474587,110474900,"0,6","110474587,110474880"
26,218,chr4,41387480,41387513,"32,54","41387480,41387505"
24,218,chr4,22061022,22061057,"25,32","22061022,22061040"
24,218,chr2,181947660,181947690,"59,75","181947660,181947682"
24,218,chr11,87347049,87347074,43,87347049
23,218,chrX,11420280,11420310,"21,35","11420280,11420301"
22,218,chr6,18851074,18851096,28,18851074
22,218,chrUn_GL000195v1,96928,96950,33,96928
22,218,chr21,6277553,6277575,33,6277553
21,218,chr7,123730795,123730816,33,123730795
20,218,chr3,157490812,157490832,43,157490812
20,218,chr13,64330699,64330719,32,64330699
20,218,chr1,107901625,107901645,21,107901625
25,218,chr14,27657732,27657762,20,27657732
83,219,chrX,73821670,73821753,0,73821670
26,219,chr2,148835905,148836317,"21,30","148835905,148836300"
25,219,chr19,49898950,49899277,"58,77","49898950,49899271"
23,219,chr17,7038149,7038173,"14,18","7038149,7038154"
23,219,chr7,12519240,12519265,"15,33","12519240,12519260"
83,221,chrX,73821504,73821587,0,73821504
25,221,chr10,33869636,33869677,"37,45","33869636,33869660"
20,221,chr20,8438775,8438795,48,8438775
83,222,chrX,73821421,73821504,0,73821421
25,222,chr15,100968340,100968366,"43,48","100968340,100968344"
21,222,chr15,51725430,51725451,7,51725430
83,225,chrX,73821172,73821255,0,73821172
27,225,chr8_KZ208915v1_fix,127718,127747,"44,54","127718,127725"
27,225,chr8,6732448,6732477,"44,54","6732448,6732455"
25,225,chr13,66947176,66947201,"43,57","66947176,66947183"
21,225,chr12,108266745,108266767,51,108266745
25,225,chr10,92065562,92065592,29,92065562
83,227,chrX,73821006,73821089,0,73821006
28,227,chr1,208415083,208415111,"48,69,75","208415083,208415102,208415107"
25,227,chr12,74828595,74828620,"17,39","74828595,74828614"
25,227,chr5,29264934,29264979,"18,36","29264934,29264971"
23,227,chr8,90225278,90225302,"12,18","90225278,90225285"
23,227,chr2,10900948,10900972,35,10900948
22,227,chr14,43301175,43301198,5,43301175
20,227,chr5,109650008,109650028,49,109650008
83,232,chrX,73820650,73820733,0,73820650
29,232,chr19,5920529,5920560,"1,5,10","5920529,5920534,5920540"
24,232,chr8,10825452,10825476,"26,46","10825452,10825471"
24,232,chr8_KZ208915v1_fix,2521655,2521679,"32,38","2521655,2521660"
24,232,chr6_GL000256v2_alt,237107,237132,"52,74","237107,237128"
24,232,chr6_GL000255v2_alt,193297,193322,"52,74","193297,193318"
21,232,chrX,143885885,143885906,17,143885885
21,232,chr4,187441644,187441665,52,187441644
